Michael Brecker;ts;Postbop;1990;48.6
Bob Berg;ts;Postbop;1993;131.8
Bob Berg;ts;Postbop;1993;131.8
Lee Konitz;as;Cool;1954;229.0
David Murray;ts;Postbop;1990;53.3
David Murray;ts;Postbop;1990;53.3
David Murray;ts;Postbop;1990;53.3
Benny Carter;as;Swing;1986;124.0
Bob Berg;ts;Postbop;1993;131.8
Bob Berg;ts;Postbop;1993;131.8
David Liebman;ss;Postbop;1988;260.8
Bob Berg;ts;Postbop;1993;131.8
Benny Carter;as;Swing;1986;124.0
Benny Carter;as;Swing;1986;124.0
Bob Berg;ts;Postbop;1993;131.8
Kenny Dorham;tp;Hardbop;1955;211.9
Michael Brecker;ts;Postbop;1990;48.6
David Murray;ts;Postbop;1990;53.3
David Liebman;ss;Postbop;1988;260.8
David Murray;ts;Postbop;1990;53.3
Michael Brecker;ts;Postbop;1990;48.6
John Coltrane;ts;Postbop;1963;279.5
Benny Carter;as;Swing;1986;124.0
Bob Berg;ts;Postbop;1993;131.8
Michael Brecker;ts;Postbop;1990;48.6
David Murray;ts;Postbop;1990;53.3
David Murray;ts;Postbop;1990;53.3
Michael Brecker;ts;Postbop;1990;48.6
Bob Berg;ts;Postbop;1993;131.8
David Murray;ts;Postbop;1990;53.3
Bob Berg;ts;Postbop;1993;131.8
Bob Berg;ts;Postbop;1993;131.8
David Murray;ts;Postbop;1990;53.3
David Murray;ts;Postbop;1990;53.3
Bob Berg;ts;Postbop;1993;131.8
